{"scale_x": 203.82757253789106, "scale_y": 203.82757253789106, "labels": [], "lines": []}