Country,Population,GDP,Colour
BRN,447000,12455000000,#66a61e
IDN,266998000,1.11171E+12,#e7298a
KHM,16494000,26730000000,#66a61e
LAO,7163000,19127000000,#e7298a
MMR,53019000,65994000000,#1b9e77
MYS,32801000,3.65303E+11,#7570b3
PHL,108307000,3.56814E+11,#e6ab02
SGP,5670000,3.62818E+11,#1b9e77
THA,67913000,5.29177E+11,#e6ab02
VNM,95494000,2.61637E+11,#d95f02
