{"scale_x": 465.05337762320767, "scale_y": 465.05337762320767, "labels": [], "lines": []}