{"scale_x": 0.00196565750582296, "scale_y": 0.00196565750582296, "labels": [], "lines": []}