{"scale_x": 0.0021511680268741116, "scale_y": 0.0021511680268741116, "labels": [], "lines": []}