{"scale_x": 0.001586109571409931, "scale_y": 0.001586109571409931, "labels": [{"text": "Test", "x": 227.17383, "y": 268.90625}], "lines": [{"x1": 271.36773, "x2": 351.22738, "y1": 117.2153, "y2": 192.42293}]}