{"scale_x": 1553.4950364693095, "scale_y": 1553.4950364693095, "labels": [], "lines": []}