{"scale_x": 0.013260754029812607, "scale_y": 0.013260754029812607, "labels": [], "lines": []}