{"scale_x": 2.0833333333333335, "scale_y": 2.0833333333333335, "labels": [], "lines": []}