{"scale_x": 0.0016532994345715933, "scale_y": 0.0016532994345715933, "labels": [], "lines": []}