{"scale_x": 36.29715078894282, "scale_y": 36.29715078894282, "labels": [], "lines": []}