{"scale_x": 0.0010866130575248607, "scale_y": 0.0010866130575248607, "labels": [], "lines": []}