{"scale_x": 0.001586109571409931, "scale_y": 0.001586109571409931, "labels": [], "lines": []}